age,Sr,eSr,d13C,ed13C,d34S,ed34S,fR,efR,fL,efL,fA,efA,fA_Godderis,efA_Godderis,fAw_fA,efAw_fA,fAw_fA_Godderis,efAw_fA_Godderis,fD,efD,fD_Godderis,efD_Godderis,RT,eRT,GEOG,eGEOG,GEOG_Godderis,eGEOG_Godderis,fSR,eFSR,fC,efC
65,78.5,1.866222523,2.4,0.1271844,18.9,0.416757693,0.7572,0.060576,0.88,0.352,0.87,0.435,0.943,0.212175,1,0.2,0.8559,0.42795,1.2,0.6,1.202243784,0.270504851,0.051287144,0.025643572,-1.4,5,3.613,1.25,0.911000861,0.2345,0.883,0.198675
64,78.5,1.193763254,2.3,0.4825656,18.3,0.278637608,0.7842,0.062736,1.26,0.504,0.94,0.47,0.971,0.218475,1,0.2,0.887733333,0.443866667,1.15,0.575,1.190115221,0.267775925,0.045954821,0.022977411,-0.8,5,2.016888889,1.25,0.848509202,0.236775,0.9,0.2025
63,78.5,1.193763254,2.3,0.4825656,18.3,0.278637608,0.7842,0.062736,1.26,0.504,0.94,0.47,0.971,0.218475,1,0.2,0.887733333,0.443866667,1.15,0.575,1.190115221,0.267775925,0.045954821,0.022977411,-0.8,5,2.016888889,1.25,0.85383474,0.236775,0.9,0.2025
62,78.5,1.193763254,2.3,0.4825656,18.3,0.278637608,0.7842,0.062736,1.26,0.504,0.94,0.47,0.971,0.218475,1,0.2,0.887733333,0.443866667,1.15,0.575,1.190115221,0.267775925,0.045954821,0.022977411,-0.8,5,2.016888889,1.25,0.857770801,0.236775,0.9,0.2025
61,78.5,1.193763254,2.3,0.4825656,18.3,0.278637608,0.7842,0.062736,1.26,0.504,0.94,0.47,0.971,0.218475,1,0.2,0.887733333,0.443866667,1.15,0.575,1.190115221,0.267775925,0.045954821,0.022977411,-0.8,5,2.016888889,1.25,0.829896888,0.236775,0.9,0.2025
60,78.5,1.193763254,2.3,0.4825656,18.3,0.278637608,0.7842,0.062736,1.26,0.504,0.94,0.47,0.971,0.218475,1,0.2,0.887733333,0.443866667,1.15,0.575,1.190115221,0.267775925,0.045954821,0.022977411,-0.8,5,2.016888889,1.25,0.807415179,0.236775,0.9,0.2025
59,78.5,1.193763254,2.3,0.4825656,18.3,0.278637608,0.7842,0.062736,1.26,0.504,0.94,0.47,0.971,0.218475,1,0.2,0.887733333,0.443866667,1.15,0.575,1.190115221,0.267775925,0.045954821,0.022977411,-0.8,5,2.016888889,1.25,0.808282589,0.236775,0.9,0.2025
58,78.5,1.193763254,2.3,0.4825656,18.3,0.278637608,0.7842,0.062736,1.26,0.504,0.94,0.47,0.971,0.218475,1,0.2,0.887733333,0.443866667,1.15,0.575,1.190115221,0.267775925,0.045954821,0.022977411,-0.8,5,2.016888889,1.25,0.793308845,0.236775,0.9,0.2025
57,78.5,1.193763254,2.3,0.4825656,18.3,0.278637608,0.7842,0.062736,1.26,0.504,0.94,0.47,0.971,0.218475,1,0.2,0.887733333,0.443866667,1.15,0.575,1.190115221,0.267775925,0.045954821,0.022977411,-0.8,5,2.016888889,1.25,0.790708118,0.236775,0.9,0.2025
56,78.5,1.193763254,2.3,0.4825656,18.3,0.278637608,0.7842,0.062736,1.26,0.504,0.94,0.47,0.971,0.218475,1,0.2,0.887733333,0.443866667,1.15,0.575,1.190115221,0.267775925,0.045954821,0.022977411,-0.8,5,2.016888889,1.25,0.775584208,0.236775,0.9,0.2025
55,78.5,0.693546005,2.2,0.4480236,18.9,0.608302702,0.8138,0.065104,1.1,0.44,0.92,0.46,0.999,0.224775,1,0.2,0.907509091,0.453754545,1.1,0.55,1.181956006,0.265940101,0.040622498,0.020311249,0.1,5,0.685181818,1.25,0.911790842,0.249725,0.917,0.206325
54,78,0.693546005,2.2,0.4480236,18.9,0.608302702,0.8138,0.065104,1.1,0.44,0.92,0.46,0.999,0.224775,1,0.2,0.907509091,0.453754545,1.1,0.55,1.181956006,0.265940101,0.040622498,0.020311249,0.1,5,0.685181818,1.25,0.884756601,0.249725,0.917,0.206325
53,78,0.693546005,2.2,0.4480236,18.9,0.608302702,0.8138,0.065104,1.1,0.44,0.92,0.46,0.999,0.224775,1,0.2,0.907509091,0.453754545,1.1,0.55,1.181956006,0.265940101,0.040622498,0.020311249,0.1,5,0.685181818,1.25,0.907320523,0.249725,0.917,0.206325
52,78,0.693546005,2.2,0.4480236,18.9,0.608302702,0.8138,0.065104,1.1,0.44,0.92,0.46,0.999,0.224775,1,0.2,0.907509091,0.453754545,1.1,0.55,1.181956006,0.265940101,0.040622498,0.020311249,0.1,5,0.685181818,1.25,0.966581024,0.249725,0.917,0.206325
51,78,0.693546005,2.2,0.4480236,18.9,0.608302702,0.8138,0.065104,1.1,0.44,0.92,0.46,0.999,0.224775,1,0.2,0.907509091,0.453754545,1.1,0.55,1.181956006,0.265940101,0.040622498,0.020311249,0.1,5,0.685181818,1.25,0.936801936,0.249725,0.917,0.206325
50,78,0.693546005,2.2,0.4480236,18.9,0.608302702,0.8138,0.065104,1.1,0.44,0.92,0.46,0.999,0.224775,1,0.2,0.907509091,0.453754545,1.1,0.55,1.181956006,0.265940101,0.040622498,0.020311249,0.1,5,0.685181818,1.25,0.973972441,0.249725,0.917,0.206325
49,78,0.693546005,2.2,0.4480236,18.9,0.608302702,0.8138,0.065104,1.1,0.44,0.92,0.46,0.999,0.224775,1,0.2,0.907509091,0.453754545,1.1,0.55,1.181956006,0.265940101,0.040622498,0.020311249,0.1,5,0.685181818,1.25,0.946265512,0.249725,0.917,0.206325
48,78,0.693546005,2.2,0.4480236,18.9,0.608302702,0.8138,0.065104,1.1,0.44,0.92,0.46,0.999,0.224775,1,0.2,0.907509091,0.453754545,1.1,0.55,1.181956006,0.265940101,0.040622498,0.020311249,0.1,5,0.685181818,1.25,0.958997675,0.249725,0.917,0.206325
47,78,0.693546005,2.2,0.4480236,18.9,0.608302702,0.8138,0.065104,1.1,0.44,0.92,0.46,0.999,0.224775,1,0.2,0.907509091,0.453754545,1.1,0.55,1.181956006,0.265940101,0.040622498,0.020311249,0.1,5,0.685181818,1.25,0.91321133,0.249725,0.917,0.206325
46,78,0.693546005,2.2,0.4480236,18.9,0.608302702,0.8138,0.065104,1.1,0.44,0.92,0.46,0.999,0.224775,1,0.2,0.907509091,0.453754545,1.1,0.55,1.181956006,0.265940101,0.040622498,0.020311249,0.1,5,0.685181818,1.25,0.922134424,0.249725,0.917,0.206325
45,78.33333333,1.137572269,2.2,0.3349224,22.2,0.071800228,0.846,0.06768,1.1,0.44,0.91,0.455,1.043,0.234675,1,0.2,0.879054545,0.439527273,1.08,0.54,1.189674183,0.267676691,0.035290176,0.017645088,0.1,5,0.411090909,1.25,0.913325456,0.218225,0.933,0.209925
44,78.33333333,1.137572269,2.2,0.3349224,22.2,0.071800228,0.846,0.06768,1.1,0.44,0.91,0.455,1.043,0.234675,1,0.2,0.879054545,0.439527273,1.08,0.54,1.189674183,0.267676691,0.035290176,0.017645088,0.1,5,0.411090909,1.25,0.855432236,0.218225,0.933,0.209925
43,78.33333333,1.137572269,2.2,0.3349224,22.2,0.071800228,0.846,0.06768,1.1,0.44,0.91,0.455,1.043,0.234675,1,0.2,0.879054545,0.439527273,1.08,0.54,1.189674183,0.267676691,0.035290176,0.017645088,0.1,5,0.411090909,1.25,0.805934581,0.218225,0.933,0.209925
42,78.33333333,1.137572269,2.2,0.3349224,22.2,0.071800228,0.846,0.06768,1.1,0.44,0.91,0.455,1.043,0.234675,1,0.2,0.879054545,0.439527273,1.08,0.54,1.189674183,0.267676691,0.035290176,0.017645088,0.1,5,0.411090909,1.25,0.844329295,0.218225,0.933,0.209925
41,78.33333333,1.137572269,2.2,0.3349224,22.2,0.071800228,0.846,0.06768,1.1,0.44,0.91,0.455,1.043,0.234675,1,0.2,0.879054545,0.439527273,1.08,0.54,1.189674183,0.267676691,0.035290176,0.017645088,0.1,5,0.411090909,1.25,0.832615272,0.218225,0.933,0.209925
40,78.33333333,1.137572269,2.2,0.3349224,22.2,0.071800228,0.846,0.06768,1.1,0.44,0.91,0.455,1.043,0.234675,1,0.2,0.879054545,0.439527273,1.08,0.54,1.189674183,0.267676691,0.035290176,0.017645088,0.1,5,0.411090909,1.25,0.813571108,0.218225,0.933,0.209925
39,78.33333333,1.137572269,2.2,0.3349224,22.2,0.071800228,0.846,0.06768,1.1,0.44,0.91,0.455,1.043,0.234675,1,0.2,0.879054545,0.439527273,1.08,0.54,1.189674183,0.267676691,0.035290176,0.017645088,0.1,5,0.411090909,1.25,0.842457782,0.218225,0.933,0.209925
38,78.33333333,1.137572269,2.2,0.3349224,22.2,0.071800228,0.846,0.06768,1.1,0.44,0.91,0.455,1.043,0.234675,1,0.2,0.879054545,0.439527273,1.08,0.54,1.189674183,0.267676691,0.035290176,0.017645088,0.1,5,0.411090909,1.25,0.863244425,0.218225,0.933,0.209925
37,78.33333333,1.137572269,2.2,0.3349224,22.2,0.071800228,0.846,0.06768,1.1,0.44,0.91,0.455,1.043,0.234675,1,0.2,0.879054545,0.439527273,1.08,0.54,1.189674183,0.267676691,0.035290176,0.017645088,0.1,5,0.411090909,1.25,0.904541782,0.218225,0.933,0.209925
36,78.33333333,1.137572269,2.2,0.3349224,22.2,0.071800228,0.846,0.06768,1.1,0.44,0.91,0.455,1.043,0.234675,1,0.2,0.879054545,0.439527273,1.08,0.54,1.189674183,0.267676691,0.035290176,0.017645088,0.1,5,0.411090909,1.25,0.920821642,0.218225,0.933,0.209925
35,80.83333333,2.009774665,2.2,0.1333584,21.8,0.172329781,0.8807,0.070456,1.29,0.516,1,0.5,1.087,0.244575,1,0.2,0.8506,0.4253,1.06,0.53,1.197392359,0.269413281,0.029957853,0.014978927,0.1,5,0.137,1.25,0.957083027,0.184975,0.95,0.21375
34,80.83333333,2.009774665,2.2,0.1333584,21.8,0.172329781,0.8807,0.070456,1.29,0.516,1,0.5,1.087,0.244575,1,0.2,0.8506,0.4253,1.06,0.53,1.197392359,0.269413281,0.029957853,0.014978927,0.1,5,0.137,1.25,0.917495022,0.184975,0.95,0.21375
33,80.83333333,2.009774665,2.2,0.1333584,21.8,0.172329781,0.8807,0.070456,1.29,0.516,1,0.5,1.087,0.244575,1,0.2,0.8506,0.4253,1.06,0.53,1.197392359,0.269413281,0.029957853,0.014978927,0.1,5,0.137,1.25,0.98182021,0.184975,0.95,0.21375
32,80.83333333,2.009774665,2.2,0.1333584,21.8,0.172329781,0.8807,0.070456,1.29,0.516,1,0.5,1.087,0.244575,1,0.2,0.8506,0.4253,1.06,0.53,1.197392359,0.269413281,0.029957853,0.014978927,0.1,5,0.137,1.25,0.987198059,0.184975,0.95,0.21375
31,80.83333333,2.009774665,2.2,0.1333584,21.8,0.172329781,0.8807,0.070456,1.29,0.516,1,0.5,1.087,0.244575,1,0.2,0.8506,0.4253,1.06,0.53,1.197392359,0.269413281,0.029957853,0.014978927,0.1,5,0.137,1.25,0.984277624,0.184975,0.95,0.21375
30,80.83333333,2.009774665,2.2,0.1333584,21.8,0.172329781,0.8807,0.070456,1.29,0.516,1,0.5,1.087,0.244575,1,0.2,0.8506,0.4253,1.06,0.53,1.197392359,0.269413281,0.029957853,0.014978927,0.1,5,0.137,1.25,1.021084218,0.184975,0.95,0.21375
29,80.83333333,2.009774665,2.2,0.1333584,21.8,0.172329781,0.8807,0.070456,1.29,0.516,1,0.5,1.087,0.244575,1,0.2,0.8506,0.4253,1.06,0.53,1.197392359,0.269413281,0.029957853,0.014978927,0.1,5,0.137,1.25,1.011086034,0.184975,0.95,0.21375
28,80.83333333,2.009774665,2.2,0.1333584,21.8,0.172329781,0.8807,0.070456,1.29,0.516,1,0.5,1.087,0.244575,1,0.2,0.8506,0.4253,1.06,0.53,1.197392359,0.269413281,0.029957853,0.014978927,0.1,5,0.137,1.25,1.049396354,0.184975,0.95,0.21375
27,80.83333333,2.009774665,2.2,0.1333584,21.8,0.172329781,0.8807,0.070456,1.29,0.516,1,0.5,1.087,0.244575,1,0.2,0.8506,0.4253,1.06,0.53,1.197392359,0.269413281,0.029957853,0.014978927,0.1,5,0.137,1.25,1.001295533,0.184975,0.95,0.21375
26,80.83333333,2.009774665,2.2,0.1333584,21.8,0.172329781,0.8807,0.070456,1.29,0.516,1,0.5,1.087,0.244575,1,0.2,0.8506,0.4253,1.06,0.53,1.197392359,0.269413281,0.029957853,0.014978927,0.1,5,0.137,1.25,0.996668636,0.184975,0.95,0.21375
25,85.5,3.739683628,2,0.3898224,21.9,0.071375066,0.918,0.07344,0.99,0.396,1,0.5,1.039,0.233775,1,0.2,0.849866667,0.424933333,1.04,0.52,1.071255306,0.241032444,0.029957853,0.014978927,0,5,0.045666667,1.25,0.969466636,0.173775,0.967,0.217575
24,85.5,3.739683628,2,0.3898224,21.9,0.071375066,0.918,0.07344,0.99,0.396,1,0.5,1.039,0.233775,1,0.2,0.849866667,0.424933333,1.04,0.52,1.071255306,0.241032444,0.029957853,0.014978927,0,5,0.045666667,1.25,0.909919626,0.173775,0.967,0.217575
23,85.5,3.739683628,2,0.3898224,21.9,0.071375066,0.918,0.07344,0.99,0.396,1,0.5,1.039,0.233775,1,0.2,0.849866667,0.424933333,1.04,0.52,1.071255306,0.241032444,0.029957853,0.014978927,0,5,0.045666667,1.25,0.848010864,0.173775,0.967,0.217575
22,85.5,3.739683628,2,0.3898224,21.9,0.071375066,0.918,0.07344,0.99,0.396,1,0.5,1.039,0.233775,1,0.2,0.849866667,0.424933333,1.04,0.52,1.071255306,0.241032444,0.029957853,0.014978927,0,5,0.045666667,1.25,0.875647162,0.173775,0.967,0.217575
21,85.5,3.739683628,2,0.3898224,21.9,0.071375066,0.918,0.07344,0.99,0.396,1,0.5,1.039,0.233775,1,0.2,0.849866667,0.424933333,1.04,0.52,1.071255306,0.241032444,0.029957853,0.014978927,0,5,0.045666667,1.25,0.906944114,0.173775,0.967,0.217575
20,85.5,3.739683628,2,0.3898224,21.9,0.071375066,0.918,0.07344,0.99,0.396,1,0.5,1.039,0.233775,1,0.2,0.849866667,0.424933333,1.04,0.52,1.071255306,0.241032444,0.029957853,0.014978927,0,5,0.045666667,1.25,0.888922616,0.173775,0.967,0.217575
19,85.5,3.739683628,2,0.3898224,21.9,0.071375066,0.918,0.07344,0.99,0.396,1,0.5,1.039,0.233775,1,0.2,0.849866667,0.424933333,1.04,0.52,1.071255306,0.241032444,0.029957853,0.014978927,0,5,0.045666667,1.25,0.941398738,0.173775,0.967,0.217575
18,85.5,3.739683628,2,0.3898224,21.9,0.071375066,0.918,0.07344,0.99,0.396,1,0.5,1.039,0.233775,1,0.2,0.849866667,0.424933333,1.04,0.52,1.071255306,0.241032444,0.029957853,0.014978927,0,5,0.045666667,1.25,0.939944579,0.173775,0.967,0.217575
17,85.5,3.739683628,2,0.3898224,21.9,0.071375066,0.918,0.07344,0.99,0.396,1,0.5,1.039,0.233775,1,0.2,0.849866667,0.424933333,1.04,0.52,1.071255306,0.241032444,0.029957853,0.014978927,0,5,0.045666667,1.25,0.938307105,0.173775,0.967,0.217575
16,85.5,3.739683628,2,0.3898224,21.9,0.071375066,0.918,0.07344,0.99,0.396,1,0.5,1.039,0.233775,1,0.2,0.849866667,0.424933333,1.04,0.52,1.071255306,0.241032444,0.029957853,0.014978927,0,5,0.045666667,1.25,0.961125901,0.173775,0.967,0.217575
15,89.66666667,1.578155863,1.7,0.3249216,22.1,0.099132131,0.9578,0.076624,1,0.4,1,0.5,1.01,0.22725,1,0.2,0.8495,0.42475,1.02,0.51,1.005457853,0.226228017,0.029957853,0.014978927,0,5,0,1.25,0.918574083,0.1715,0.983,0.221175
14,89.66666667,1.578155863,1.7,0.3249216,22.1,0.099132131,0.9578,0.076624,1,0.4,1,0.5,1.01,0.22725,1,0.2,0.8495,0.42475,1.02,0.51,1.005457853,0.226228017,0.029957853,0.014978927,0,5,0,1.25,0.88192539,0.1715,0.983,0.221175
13,89.66666667,1.578155863,1.7,0.3249216,22.1,0.099132131,0.9578,0.076624,1,0.4,1,0.5,1.01,0.22725,1,0.2,0.8495,0.42475,1.02,0.51,1.005457853,0.226228017,0.029957853,0.014978927,0,5,0,1.25,0.887227984,0.1715,0.983,0.221175
12,89.66666667,1.578155863,1.7,0.3249216,22.1,0.099132131,0.9578,0.076624,1,0.4,1,0.5,1.01,0.22725,1,0.2,0.8495,0.42475,1.02,0.51,1.005457853,0.226228017,0.029957853,0.014978927,0,5,0,1.25,0.897287905,0.1715,0.983,0.221175
11,89.66666667,1.578155863,1.7,0.3249216,22.1,0.099132131,0.9578,0.076624,1,0.4,1,0.5,1.01,0.22725,1,0.2,0.8495,0.42475,1.02,0.51,1.005457853,0.226228017,0.029957853,0.014978927,0,5,0,1.25,0.944442886,0.1715,0.983,0.221175
10,89.66666667,1.578155863,1.7,0.3249216,22.1,0.099132131,0.9578,0.076624,1,0.4,1,0.5,1.01,0.22725,1,0.2,0.8495,0.42475,1.02,0.51,1.005457853,0.226228017,0.029957853,0.014978927,0,5,0,1.25,0.985205429,0.1715,0.983,0.221175
9,89.66666667,1.578155863,1.7,0.3249216,22.1,0.099132131,0.9578,0.076624,1,0.4,1,0.5,1.01,0.22725,1,0.2,0.8495,0.42475,1.02,0.51,1.005457853,0.226228017,0.029957853,0.014978927,0,5,0,1.25,0.988255129,0.1715,0.983,0.221175
8,89.66666667,1.578155863,1.7,0.3249216,22.1,0.099132131,0.9578,0.076624,1,0.4,1,0.5,1.01,0.22725,1,0.2,0.8495,0.42475,1.02,0.51,1.005457853,0.226228017,0.029957853,0.014978927,0,5,0,1.25,1.020464487,0.1715,0.983,0.221175
7,89.66666667,1.578155863,1.7,0.3249216,22.1,0.099132131,0.9578,0.076624,1,0.4,1,0.5,1.01,0.22725,1,0.2,0.8495,0.42475,1.02,0.51,1.005457853,0.226228017,0.029957853,0.014978927,0,5,0,1.25,1.025429833,0.1715,0.983,0.221175
6,89.66666667,1.578155863,1.7,0.3249216,22.1,0.099132131,0.9578,0.076624,1,0.4,1,0.5,1.01,0.22725,1,0.2,0.8495,0.42475,1.02,0.51,1.005457853,0.226228017,0.029957853,0.014978927,0,5,0,1.25,1.073775136,0.1715,0.983,0.221175
5,91.25,1.106233667,1.5,0.2490876,21.8,0.186040812,1,0.08,1,0.4,1,0.5,1,0.225,1,0.2,0.8495,0.42475,1,0.5,1,0.225,0.029957853,0.014978927,0,5,0,1.25,1.119353402,0.175,1,0.225
4,91.25,1.106233667,1.5,0.2490876,21.8,0.186040812,1,0.08,1,0.4,1,0.5,1,0.225,1,0.2,0.8495,0.42475,1,0.5,1,0.225,0.029957853,0.014978927,0,5,0,1.25,1.106221844,0.175,1,0.225
3,91.25,1.106233667,1.5,0.2490876,21.8,0.186040812,1,0.08,1,0.4,1,0.5,1,0.225,1,0.2,0.8495,0.42475,1,0.5,1,0.225,0.029957853,0.014978927,0,5,0,1.25,1.092851721,0.175,1,0.225
2,91.25,1.106233667,1.5,0.2490876,21.8,0.186040812,1,0.08,1,0.4,1,0.5,1,0.225,1,0.2,0.8495,0.42475,1,0.5,1,0.225,0.029957853,0.014978927,0,5,0,1.25,1.005006552,0.175,1,0.225
1,91.25,1.106233667,1.5,0.2490876,21.8,0.186040812,1,0.08,1,0.4,1,0.5,1,0.225,1,0.2,0.8495,0.42475,1,0.5,1,0.225,0.029957853,0.014978927,0,5,0,1.25,0.988231365,0.175,1,0.225
0,91.25,1.106233667,1.5,0.2490876,21.8,0.186040812,1,0.08,1,0.4,1,0.5,1,0.225,1,0.2,0.8495,0.42475,1,0.5,1,0.225,0.029957853,0.014978927,0,5,0,1.25,1,0.175,1,0.225